<?xml version="1.0" encoding="UTF-8"?><rss version="2.0"
	xmlns:content="http://purl.org/rss/1.0/modules/content/"
	xmlns:dc="http://purl.org/dc/elements/1.1/"
	xmlns:atom="http://www.w3.org/2005/Atom"
	xmlns:sy="http://purl.org/rss/1.0/modules/syndication/"
	
	>
<channel>
	<title>
	Comments on: Horse Se Animal Maating Stallion Pulls Out Of Mare	</title>
	<atom:link href="/horse-s-animal-mating-stallion-pulls-out-of-maregushing-horse-cum/feed/" rel="self" type="application/rss+xml" />
	<link>/horse-s-animal-mating-stallion-pulls-out-of-maregushing-horse-cum/</link>
	<description></description>
	<lastBuildDate>Sat, 11 Mar 2023 13:12:26 +0000</lastBuildDate>
	<sy:updatePeriod>
	hourly	</sy:updatePeriod>
	<sy:updateFrequency>
	1	</sy:updateFrequency>
	<generator>https://wordpress.org/?v=6.2.2</generator>
</channel>
</rss>
