<?xml version="1.0" encoding="UTF-8"?><rss version="2.0"
	xmlns:content="http://purl.org/rss/1.0/modules/content/"
	xmlns:dc="http://purl.org/dc/elements/1.1/"
	xmlns:atom="http://www.w3.org/2005/Atom"
	xmlns:sy="http://purl.org/rss/1.0/modules/syndication/"
	
	>
<channel>
	<title>
	Comments on: #TALABD #EP.10🥀❤ I MISS YOU 🥀 🥀❤I LOVE YOU JANU	</title>
	<atom:link href="/talabd-ep-10%F0%9F%A5%80%E2%9D%A4-i-miss-you-%F0%9F%A5%80-%F0%9F%A5%80%E2%9D%A4i-love-you-janu-23/feed/" rel="self" type="application/rss+xml" />
	<link>/talabd-ep-10%f0%9f%a5%80%e2%9d%a4-i-miss-you-%f0%9f%a5%80-%f0%9f%a5%80%e2%9d%a4i-love-you-janu-23/</link>
	<description></description>
	<lastBuildDate>Sat, 01 Apr 2023 17:17:11 +0000</lastBuildDate>
	<sy:updatePeriod>
	hourly	</sy:updatePeriod>
	<sy:updateFrequency>
	1	</sy:updateFrequency>
	<generator>https://wordpress.org/?v=6.2.2</generator>
</channel>
</rss>
