<?xml version="1.0" encoding="UTF-8"?><rss version="2.0"
	xmlns:content="http://purl.org/rss/1.0/modules/content/"
	xmlns:dc="http://purl.org/dc/elements/1.1/"
	xmlns:atom="http://www.w3.org/2005/Atom"
	xmlns:sy="http://purl.org/rss/1.0/modules/syndication/"
	
	>
<channel>
	<title>
	Comments on: Doctor k sath #MarkZuckerberg ❣️ 🥀I Love you🥀❣️ ❣️🥀I Miss You 🥀❣️	</title>
	<atom:link href="/doctor-k-sath-markzuckerberg-%E2%9D%A3%EF%B8%8F-%F0%9F%A5%80i-love-you%F0%9F%A5%80%E2%9D%A3%EF%B8%8F-%E2%9D%A3%EF%B8%8F%F0%9F%A5%80i-miss-you-%F0%9F%A5%80%E2%9D%A3%EF%B8%8F-5/feed/" rel="self" type="application/rss+xml" />
	<link>/doctor-k-sath-markzuckerberg-%e2%9d%a3%ef%b8%8f-%f0%9f%a5%80i-love-you%f0%9f%a5%80%e2%9d%a3%ef%b8%8f-%e2%9d%a3%ef%b8%8f%f0%9f%a5%80i-miss-you-%f0%9f%a5%80%e2%9d%a3%ef%b8%8f-5/</link>
	<description></description>
	<lastBuildDate>Mon, 03 Apr 2023 11:06:20 +0000</lastBuildDate>
	<sy:updatePeriod>
	hourly	</sy:updatePeriod>
	<sy:updateFrequency>
	1	</sy:updateFrequency>
	<generator>https://wordpress.org/?v=6.2.2</generator>
</channel>
</rss>
