<?xml version="1.0" encoding="UTF-8"?><rss version="2.0"
	xmlns:content="http://purl.org/rss/1.0/modules/content/"
	xmlns:wfw="http://wellformedweb.org/CommentAPI/"
	xmlns:dc="http://purl.org/dc/elements/1.1/"
	xmlns:atom="http://www.w3.org/2005/Atom"
	xmlns:sy="http://purl.org/rss/1.0/modules/syndication/"
	xmlns:slash="http://purl.org/rss/1.0/modules/slash/"
	>

<channel>
	<title>Gif Archives - Article</title>
	<atom:link href="/category/gif/feed/" rel="self" type="application/rss+xml" />
	<link>/category/gif/</link>
	<description></description>
	<lastBuildDate>Sat, 01 Apr 2023 21:03:50 +0000</lastBuildDate>
	<language>en-US</language>
	<sy:updatePeriod>
	hourly	</sy:updatePeriod>
	<sy:updateFrequency>
	1	</sy:updateFrequency>
	<generator>https://wordpress.org/?v=6.2.2</generator>
	<item>
		<title>#TALABD #EP.10🥀❤ I MISS YOU 🥀 🥀❤I LOVE YOU JANU</title>
		<link>/talabd-ep-10%f0%9f%a5%80%e2%9d%a4-i-miss-you-%f0%9f%a5%80-%f0%9f%a5%80%e2%9d%a4i-love-you-janu-25/</link>
					<comments>/talabd-ep-10%f0%9f%a5%80%e2%9d%a4-i-miss-you-%f0%9f%a5%80-%f0%9f%a5%80%e2%9d%a4i-love-you-janu-25/#respond</comments>
		
		<dc:creator><![CDATA[admin]]></dc:creator>
		<pubDate>Sat, 01 Apr 2023 21:03:50 +0000</pubDate>
				<category><![CDATA[Gif]]></category>
		<guid isPermaLink="false">/?p=12536</guid>

					<description><![CDATA[<p>#TALABD #EP.10🥀❤ I MISS YOU 🥀 🥀❤I LOVE YOU JANU</p>
<p>The post <a rel="nofollow" href="/talabd-ep-10%f0%9f%a5%80%e2%9d%a4-i-miss-you-%f0%9f%a5%80-%f0%9f%a5%80%e2%9d%a4i-love-you-janu-25/">#TALABD #EP.10🥀❤ I MISS YOU 🥀 🥀❤I LOVE YOU JANU</a> appeared first on <a rel="nofollow" href="/">Article</a>.</p>
]]></description>
										<content:encoded><![CDATA[<p>#TALABD #EP.10<img src="https://s.w.org/images/core/emoji/14.0.0/72x72/1f940.png" alt="🥀" class="wp-smiley" style="height: 1em; max-height: 1em;" /><img src="https://s.w.org/images/core/emoji/14.0.0/72x72/2764.png" alt="❤" class="wp-smiley" style="height: 1em; max-height: 1em;" /> I MISS YOU <img src="https://s.w.org/images/core/emoji/14.0.0/72x72/1f940.png" alt="🥀" class="wp-smiley" style="height: 1em; max-height: 1em;" /> <img src="https://s.w.org/images/core/emoji/14.0.0/72x72/1f940.png" alt="🥀" class="wp-smiley" style="height: 1em; max-height: 1em;" /><img src="https://s.w.org/images/core/emoji/14.0.0/72x72/2764.png" alt="❤" class="wp-smiley" style="height: 1em; max-height: 1em;" />I LOVE YOU JANU</p>
<p><img decoding="async" src="/wp-content/uploads/2023/04/336264066_23853003814000316_4277256778935601863_n.jpg" alt="" width="526" height="528" class="aligncenter size-full wp-image-12537" srcset="/wp-content/uploads/2023/04/336264066_23853003814000316_4277256778935601863_n.jpg 526w, /wp-content/uploads/2023/04/336264066_23853003814000316_4277256778935601863_n-300x300.jpg 300w, /wp-content/uploads/2023/04/336264066_23853003814000316_4277256778935601863_n-150x150.jpg 150w" sizes="(max-width: 526px) 100vw, 526px" /></p>
<p><img decoding="async" src="/wp-content/uploads/2023/04/327603242_23853209055920282_7599949085577512178_n.jpg" alt="" width="526" height="526" class="aligncenter size-full wp-image-12532" srcset="/wp-content/uploads/2023/04/327603242_23853209055920282_7599949085577512178_n.jpg 526w, /wp-content/uploads/2023/04/327603242_23853209055920282_7599949085577512178_n-300x300.jpg 300w, /wp-content/uploads/2023/04/327603242_23853209055920282_7599949085577512178_n-150x150.jpg 150w" sizes="(max-width: 526px) 100vw, 526px" /></p>
<p><img decoding="async" src="/wp-content/uploads/2023/04/339027786_23853197779130755_7580739123074239459_n.jpeg" alt="" width="517" height="517" class="aligncenter size-full wp-image-12527" srcset="/wp-content/uploads/2023/04/339027786_23853197779130755_7580739123074239459_n.jpeg 517w, /wp-content/uploads/2023/04/339027786_23853197779130755_7580739123074239459_n-300x300.jpeg 300w, /wp-content/uploads/2023/04/339027786_23853197779130755_7580739123074239459_n-150x150.jpeg 150w" sizes="(max-width: 517px) 100vw, 517px" /></p>
<p><img decoding="async" src="/wp-content/uploads/2023/04/336010038_23853778428270209_4161839155211067421_n.jpeg" alt="" width="526" height="526" class="aligncenter size-full wp-image-12523" srcset="/wp-content/uploads/2023/04/336010038_23853778428270209_4161839155211067421_n.jpeg 526w, /wp-content/uploads/2023/04/336010038_23853778428270209_4161839155211067421_n-300x300.jpeg 300w, /wp-content/uploads/2023/04/336010038_23853778428270209_4161839155211067421_n-150x150.jpeg 150w" sizes="(max-width: 526px) 100vw, 526px" /></p>
<p><img decoding="async" src="/wp-content/uploads/2023/03/328145077_23852492604900704_6477625856153369792_n.jpg" alt="" width="526" height="526" class="aligncenter size-full wp-image-12517" srcset="/wp-content/uploads/2023/03/328145077_23852492604900704_6477625856153369792_n.jpg 526w, /wp-content/uploads/2023/03/328145077_23852492604900704_6477625856153369792_n-300x300.jpg 300w, /wp-content/uploads/2023/03/328145077_23852492604900704_6477625856153369792_n-150x150.jpg 150w" sizes="(max-width: 526px) 100vw, 526px" /></p>
<p><img decoding="async" src="/wp-content/uploads/2023/03/318345143_6299206944054_884320432167351183_n.jpg" alt="" width="526" height="526" class="aligncenter size-full wp-image-12512" srcset="/wp-content/uploads/2023/03/318345143_6299206944054_884320432167351183_n.jpg 526w, /wp-content/uploads/2023/03/318345143_6299206944054_884320432167351183_n-300x300.jpg 300w, /wp-content/uploads/2023/03/318345143_6299206944054_884320432167351183_n-150x150.jpg 150w" sizes="(max-width: 526px) 100vw, 526px" /></p>
<p>The post <a rel="nofollow" href="/talabd-ep-10%f0%9f%a5%80%e2%9d%a4-i-miss-you-%f0%9f%a5%80-%f0%9f%a5%80%e2%9d%a4i-love-you-janu-25/">#TALABD #EP.10🥀❤ I MISS YOU 🥀 🥀❤I LOVE YOU JANU</a> appeared first on <a rel="nofollow" href="/">Article</a>.</p>
]]></content:encoded>
					
					<wfw:commentRss>/talabd-ep-10%f0%9f%a5%80%e2%9d%a4-i-miss-you-%f0%9f%a5%80-%f0%9f%a5%80%e2%9d%a4i-love-you-janu-25/feed/</wfw:commentRss>
			<slash:comments>0</slash:comments>
		
		
			</item>
		<item>
		<title>#TALABD #EP.10🥀❤ I MISS YOU 🥀 🥀❤I LOVE YOU JANU</title>
		<link>/talabd-ep-10%f0%9f%a5%80%e2%9d%a4-i-miss-you-%f0%9f%a5%80-%f0%9f%a5%80%e2%9d%a4i-love-you-janu-20/</link>
					<comments>/talabd-ep-10%f0%9f%a5%80%e2%9d%a4-i-miss-you-%f0%9f%a5%80-%f0%9f%a5%80%e2%9d%a4i-love-you-janu-20/#respond</comments>
		
		<dc:creator><![CDATA[admin]]></dc:creator>
		<pubDate>Mon, 27 Mar 2023 17:00:27 +0000</pubDate>
				<category><![CDATA[Gif]]></category>
		<guid isPermaLink="false">/?p=12507</guid>

					<description><![CDATA[<p>#TALABD #EP.10🥀❤ I MISS YOU 🥀 🥀❤I LOVE YOU JANU</p>
<p>The post <a rel="nofollow" href="/talabd-ep-10%f0%9f%a5%80%e2%9d%a4-i-miss-you-%f0%9f%a5%80-%f0%9f%a5%80%e2%9d%a4i-love-you-janu-20/">#TALABD #EP.10🥀❤ I MISS YOU 🥀 🥀❤I LOVE YOU JANU</a> appeared first on <a rel="nofollow" href="/">Article</a>.</p>
]]></description>
										<content:encoded><![CDATA[<p>#TALABD #EP.10<img src="https://s.w.org/images/core/emoji/14.0.0/72x72/1f940.png" alt="🥀" class="wp-smiley" style="height: 1em; max-height: 1em;" /><img src="https://s.w.org/images/core/emoji/14.0.0/72x72/2764.png" alt="❤" class="wp-smiley" style="height: 1em; max-height: 1em;" /> I MISS YOU <img src="https://s.w.org/images/core/emoji/14.0.0/72x72/1f940.png" alt="🥀" class="wp-smiley" style="height: 1em; max-height: 1em;" /> <img src="https://s.w.org/images/core/emoji/14.0.0/72x72/1f940.png" alt="🥀" class="wp-smiley" style="height: 1em; max-height: 1em;" /><img src="https://s.w.org/images/core/emoji/14.0.0/72x72/2764.png" alt="❤" class="wp-smiley" style="height: 1em; max-height: 1em;" />I LOVE YOU JANU<br />
<img decoding="async" src="/wp-content/uploads/2023/03/310464604_23851029038560176_75087921503469103_n.jpg" alt="" width="526" height="527" class="aligncenter size-full wp-image-12508" srcset="/wp-content/uploads/2023/03/310464604_23851029038560176_75087921503469103_n.jpg 526w, /wp-content/uploads/2023/03/310464604_23851029038560176_75087921503469103_n-300x300.jpg 300w, /wp-content/uploads/2023/03/310464604_23851029038560176_75087921503469103_n-150x150.jpg 150w" sizes="(max-width: 526px) 100vw, 526px" /></p>
<p>The post <a rel="nofollow" href="/talabd-ep-10%f0%9f%a5%80%e2%9d%a4-i-miss-you-%f0%9f%a5%80-%f0%9f%a5%80%e2%9d%a4i-love-you-janu-20/">#TALABD #EP.10🥀❤ I MISS YOU 🥀 🥀❤I LOVE YOU JANU</a> appeared first on <a rel="nofollow" href="/">Article</a>.</p>
]]></content:encoded>
					
					<wfw:commentRss>/talabd-ep-10%f0%9f%a5%80%e2%9d%a4-i-miss-you-%f0%9f%a5%80-%f0%9f%a5%80%e2%9d%a4i-love-you-janu-20/feed/</wfw:commentRss>
			<slash:comments>0</slash:comments>
		
		
			</item>
	</channel>
</rss>
